{"dtype": "npp.tasks/PlanningProblem", "value": {"start_configuration": {"dtype": "compas.robots/Configuration", "value": {"joint_types": [0, 0, 0, 0, 0, 0], "joint_values": [0.10000000000000001, 0.10000000000000001, 0.20000000000000001, 0.29999999999999999, 0.0, -0.29999999999999999], "joint_names": ["joint_1", "joint_2", "joint_3", "joint_4", "joint_5", "joint_6"]}, "guid": "60db2a4d-b3af-4bee-b574-38c5c9863536"}, "robot": null, "tasks": [null], "static_collision_meshes": [{"dtype": "compas_fab.robots/CollisionMesh", "value": {"id": "static_collision_mesh_0", "frame": {"point": {"dtype": "compas.geometry/Point", "value": [0.0, 0.0, 0.0], "guid": "d2298c46-fea5-49f9-a2c5-496aaed7b844"}, "yaxis": {"dtype": "compas.geometry/Vector", "value": [0.0, 1.0, 0.0], "guid": "d0293439-9704-4152-98bc-11039849d3ce"}, "xaxis": {"dtype": "compas.geometry/Vector", "value": [1.0, 0.0, 0.0], "guid": "d04a9583-87b9-441e-9f09-80d8e72a5823"}}, "root_name": "world", "mesh": {"max_vertex": 23, "max_face": 11, "dfa": {}, "vertex": {"0": {"y": -0.19066375494003296, "z": 0.0099999997764825821, "x": 0.67046678066253662}, "1": {"y": -0.19066375494003296, "z": 0.060000002384185791, "x": 0.67046678066253662}, "2": {"y": -0.19066375494003296, "z": 0.0099999997764825821, "x": 0.94546681642532349}, "3": {"y": -0.19066375494003296, "z": 0.060000002384185791, "x": 0.94546681642532349}, "4": {"y": -0.19066375494003296, "z": 0.0099999997764825821, "x": 0.94546681642532349}, "5": {"y": -0.19066375494003296, "z": 0.060000002384185791, "x": 0.94546681642532349}, "6": {"y": -0.17816373705863953, "z": 0.0099999997764825821, "x": 0.94546681642532349}, "7": {"y": -0.17816373705863953, "z": 0.060000002384185791, "x": 0.94546681642532349}, "8": {"y": -0.17816373705863953, "z": 0.0099999997764825821, "x": 0.94546681642532349}, "9": {"y": -0.17816373705863953, "z": 0.060000002384185791, "x": 0.94546681642532349}, "10": {"y": -0.17816373705863953, "z": 0.0099999997764825821, "x": 0.67046678066253662}, "11": {"y": -0.17816373705863953, "z": 0.060000002384185791, "x": 0.67046678066253662}, "12": {"y": -0.17816373705863953, "z": 0.0099999997764825821, "x": 0.67046678066253662}, "13": {"y": -0.17816373705863953, "z": 0.060000002384185791, "x": 0.67046678066253662}, "14": {"y": -0.19066375494003296, "z": 0.0099999997764825821, "x": 0.67046678066253662}, "15": {"y": -0.19066375494003296, "z": 0.060000002384185791, "x": 0.67046678066253662}, "16": {"y": -0.19066375494003296, "z": 0.0099999997764825821, "x": 0.67046678066253662}, "17": {"y": -0.19066375494003296, "z": 0.0099999997764825821, "x": 0.94546681642532349}, "18": {"y": -0.17816373705863953, "z": 0.0099999997764825821, "x": 0.94546681642532349}, "19": {"y": -0.17816373705863953, "z": 0.0099999997764825821, "x": 0.67046678066253662}, "20": {"y": -0.19066375494003296, "z": 0.060000002384185791, "x": 0.67046678066253662}, "21": {"y": -0.19066375494003296, "z": 0.060000002384185791, "x": 0.94546681642532349}, "22": {"y": -0.17816373705863953, "z": 0.060000002384185791, "x": 0.94546681642532349}, "23": {"y": -0.17816373705863953, "z": 0.060000002384185791, "x": 0.67046678066253662}}, "dea": {}, "face": {"0": [0, 2, 3], "1": [4, 6, 7], "2": [8, 10, 11], "3": [12, 14, 15], "4": [17, 16, 19], "5": [19, 18, 17], "6": [21, 23, 20], "7": [23, 21, 22], "8": [0, 3, 1], "9": [4, 7, 5], "10": [8, 11, 9], "11": [12, 15, 13]}, "facedata": {"0": {}, "1": {}, "2": {}, "3": {}, "4": {}, "5": {}, "6": {}, "7": {}, "8": {}, "9": {}, "10": {}, "11": {}}, "attributes": {"name": null}, "dva": {"y": 0.0, "z": 0.0, "x": 0.0}, "edgedata": {}}}, "guid": "a6951c6a-3976-4915-a01f-24649a220c74"}, {"dtype": "compas_fab.robots/CollisionMesh", "value": {"id": "static_collision_mesh_1", "frame": {"point": {"dtype": "compas.geometry/Point", "value": [0.0, 0.0, 0.0], "guid": "976e6a31-963d-4a3a-9083-e801668d01a0"}, "yaxis": {"dtype": "compas.geometry/Vector", "value": [0.0, 1.0, 0.0], "guid": "c4e2ec90-752f-4768-8a05-44bf567759ba"}, "xaxis": {"dtype": "compas.geometry/Vector", "value": [1.0, 0.0, 0.0], "guid": "6ceed842-8bec-44e9-b5ba-221646f0ac23"}}, "root_name": "world", "mesh": {"max_vertex": 23, "max_face": 11, "dfa": {}, "vertex": {"0": {"y": -0.17816373705863953, "z": 0.0099999997764825821, "x": 0.67046678066253662}, "1": {"y": -0.17816373705863953, "z": 2.2351742678949904e-10, "x": 0.67046678066253662}, "2": {"y": 0.203086256980896, "z": 0.0099999997764825821, "x": 0.67046678066253662}, "3": {"y": 0.203086256980896, "z": 2.2351742678949904e-10, "x": 0.67046678066253662}, "4": {"y": 0.203086256980896, "z": 0.0099999997764825821, "x": 0.67046678066253662}, "5": {"y": 0.203086256980896, "z": 2.2351742678949904e-10, "x": 0.67046678066253662}, "6": {"y": 0.203086256980896, "z": 0.0099999997764825821, "x": 0.94546681642532349}, "7": {"y": 0.203086256980896, "z": 2.2351742678949904e-10, "x": 0.94546681642532349}, "8": {"y": 0.203086256980896, "z": 0.0099999997764825821, "x": 0.94546681642532349}, "9": {"y": 0.203086256980896, "z": 2.2351742678949904e-10, "x": 0.94546681642532349}, "10": {"y": -0.17816373705863953, "z": 0.0099999997764825821, "x": 0.94546681642532349}, "11": {"y": -0.17816373705863953, "z": 2.2351742678949904e-10, "x": 0.94546681642532349}, "12": {"y": -0.17816373705863953, "z": 0.0099999997764825821, "x": 0.94546681642532349}, "13": {"y": -0.17816373705863953, "z": 2.2351742678949904e-10, "x": 0.94546681642532349}, "14": {"y": -0.17816373705863953, "z": 0.0099999997764825821, "x": 0.67046678066253662}, "15": {"y": -0.17816373705863953, "z": 2.2351742678949904e-10, "x": 0.67046678066253662}, "16": {"y": -0.17816373705863953, "z": 0.0099999997764825821, "x": 0.67046678066253662}, "17": {"y": 0.203086256980896, "z": 0.0099999997764825821, "x": 0.67046678066253662}, "18": {"y": 0.203086256980896, "z": 0.0099999997764825821, "x": 0.94546681642532349}, "19": {"y": -0.17816373705863953, "z": 0.0099999997764825821, "x": 0.94546681642532349}, "20": {"y": -0.17816373705863953, "z": 2.2351742678949904e-10, "x": 0.67046678066253662}, "21": {"y": 0.203086256980896, "z": 2.2351742678949904e-10, "x": 0.67046678066253662}, "22": {"y": 0.203086256980896, "z": 2.2351742678949904e-10, "x": 0.94546681642532349}, "23": {"y": -0.17816373705863953, "z": 2.2351742678949904e-10, "x": 0.94546681642532349}}, "dea": {}, "face": {"0": [0, 2, 3], "1": [4, 6, 7], "2": [8, 10, 11], "3": [12, 14, 15], "4": [16, 19, 18], "5": [18, 17, 16], "6": [20, 22, 23], "7": [22, 20, 21], "8": [0, 3, 1], "9": [4, 7, 5], "10": [8, 11, 9], "11": [12, 15, 13]}, "facedata": {"0": {}, "1": {}, "2": {}, "3": {}, "4": {}, "5": {}, "6": {}, "7": {}, "8": {}, "9": {}, "10": {}, "11": {}}, "attributes": {"name": null}, "dva": {"y": 0.0, "z": 0.0, "x": 0.0}, "edgedata": {}}}, "guid": "60a324bc-344a-4a8f-a9c2-7297888df179"}, {"dtype": "compas_fab.robots/CollisionMesh", "value": {"id": "static_collision_mesh_2", "frame": {"point": {"dtype": "compas.geometry/Point", "value": [0.0, 0.0, 0.0], "guid": "bd72bd45-5a32-4db1-b39a-2cef20a2d826"}, "yaxis": {"dtype": "compas.geometry/Vector", "value": [0.0, 1.0, 0.0], "guid": "76cab364-c114-43d1-add0-561b282924e0"}, "xaxis": {"dtype": "compas.geometry/Vector", "value": [1.0, 0.0, 0.0], "guid": "804bf35e-56b1-4d36-80fd-1edc9173f8f9"}}, "root_name": "world", "mesh": {"max_vertex": 23, "max_face": 11, "dfa": {}, "vertex": {"0": {"y": -0.17816373705863953, "z": 0.0099999997764825821, "x": 0.65796679258346558}, "1": {"y": -0.17816373705863953, "z": 0.060000002384185791, "x": 0.65796679258346558}, "2": {"y": -0.17816373705863953, "z": 0.0099999997764825821, "x": 0.67046678066253662}, "3": {"y": -0.17816373705863953, "z": 0.060000002384185791, "x": 0.67046678066253662}, "4": {"y": -0.17816373705863953, "z": 0.0099999997764825821, "x": 0.67046678066253662}, "5": {"y": -0.17816373705863953, "z": 0.060000002384185791, "x": 0.67046678066253662}, "6": {"y": 0.203086256980896, "z": 0.0099999997764825821, "x": 0.67046678066253662}, "7": {"y": 0.203086256980896, "z": 0.060000002384185791,