{"dtype": "npp.tasks/PlanningProblem", "value": {"start_configuration": {"dtype": "compas.robots/Configuration", "value": {"joint_types": [0, 0, 0, 0, 0, 0], "joint_values": [0.10000000000000001, 0.10000000000000001, 0.20000000000000001, 0.29999999999999999, 0.0, -0.29999999999999999], "joint_names": ["joint_1", "joint_2", "joint_3", "joint_4", "joint_5", "joint_6"]}, "guid": "60db2a4d-b3af-4bee-b574-38c5c9863536"}, "robot": null, "tasks": [null], "static_collision_meshes": [{"dtype": "compas_fab.robots/CollisionMesh", "value": {"id": "static_collision_mesh_0", "frame": {"point": {"dtype": "compas.geometry/Point", "value": [0.0, 0.0, 0.0], "guid": "53ad2f86-ed9c-47b3-8bdc-1d1658df9430"}, "yaxis": {"dtype": "compas.geometry/Vector", "value": [0.0, 1.0, 0.0], "guid": "08de083c-7f0e-4467-8559-ff01eab8cdde"}, "xaxis": {"dtype": "compas.geometry/Vector", "value": [1.0, 0.0, 0.0], "guid": "3ef6bef8-8da5-49f7-8d13-3eab4183fe4b"}}, "root_name": "world", "mesh": {"max_vertex": 119, "max_face": 59, "dfa": {}, "vertex": {"0": {"y": -0.17816373705863953, "z": 0.0099999997764825821, "x": 0.65796679258346558}, "1": {"y": -0.17816373705863953, "z": 0.060000002384185791, "x": 0.65796679258346558}, "2": {"y": -0.17816373705863953, "z": 0.0099999997764825821, "x": 0.67046678066253662}, "3": {"y": -0.17816373705863953, "z": 0.060000002384185791, "x": 0.67046678066253662}, "4": {"y": -0.17816373705863953, "z": 0.0099999997764825821, "x": 0.67046678066253662}, "5": {"y": -0.17816373705863953, "z": 0.060000002384185791, "x": 0.67046678066253662}, "6": {"y": 0.203086256980896, "z": 0.0099999997764825821, "x": 0.67046678066253662}, "7": {"y": 0.203086256980896, "z": 0.060000002384185791, "x": 0.67046678066253662}, "8": {"y": 0.203086256980896, "z": 0.0099999997764825821, "x": 0.67046678066253662}, "9": {"y": 0.203086256980896, "z": 0.060000002384185791, "x": 0.67046678066253662}, "10": {"y": 0.203086256980896, "z": 0.0099999997764825821, "x": 0.65796679258346558}, "11": {"y": 0.203086256980896, "z": 0.060000002384185791, "x": 0.65796679258346558}, "12": {"y": 0.203086256980896, "z": 0.0099999997764825821, "x": 0.65796679258346558}, "13": {"y": 0.203086256980896, "z": 0.060000002384185791, "x": 0.65796679258346558}, "14": {"y": -0.17816373705863953, "z": 0.0099999997764825821, "x": 0.65796679258346558}, "15": {"y": -0.17816373705863953, "z": 0.060000002384185791, "x": 0.65796679258346558}, "16": {"y": -0.17816373705863953, "z": 0.0099999997764825821, "x": 0.65796679258346558}, "17": {"y": -0.17816373705863953, "z": 0.0099999997764825821, "x": 0.67046678066253662}, "18": {"y": 0.203086256980896, "z": 0.0099999997764825821, "x": 0.67046678066253662}, "19": {"y": 0.203086256980896, "z": 0.0099999997764825821, "x": 0.65796679258346558}, "20": {"y": -0.17816373705863953, "z": 0.060000002384185791, "x": 0.65796679258346558}, "21": {"y": -0.17816373705863953, "z": 0.060000002384185791, "x": 0.67046678066253662}, "22": {"y": 0.203086256980896, "z": 0.060000002384185791, "x": 0.67046678066253662}, "23": {"y": 0.203086256980896, "z": 0.060000002384185791, "x": 0.65796679258346558}, "24": {"y": 0.203086256980896, "z": 0.0099999997764825821, "x": 0.67046678066253662}, "25": {"y": 0.203086256980896, "z": 0.060000002384185791, "x": 0.67046678066253662}, "26": {"y": 0.203086256980896, "z": 0.0099999997764825821, "x": 0.94546681642532349}, "27": {"y": 0.203086256980896, "z": 0.060000002384185791, "x": 0.94546681642532349}, "28": {"y": 0.203086256980896, "z": 0.0099999997764825821, "x": 0.94546681642532349}, "29": {"y": 0.203086256980896, "z": 0.060000002384185791, "x": 0.94546681642532349}, "30": {"y": 0.21558624505996704, "z": 0.0099999997764825821, "x": 0.94546681642532349}, "31": {"y": 0.21558624505996704, "z": 0.060000002384185791, "x": 0.94546681642532349}, "32": {"y": 0.21558624505996704, "z": 0.0099999997764825821, "x": 0.94546681642532349}, "33": {"y": 0.21558624505996704, "z": 0.060000002384185791, "x": 0.94546681642532349}, "34": {"y": 0.21558624505996704, "z": 0.0099999997764825821, "x": 0.67046678066253662}, "35": {"y": 0.21558624505996704, "z": 0.060000002384185791, "x": 0.67046678066253662}, "36": {"y": 0.21558624505996704, "z": 0.0099999997764825821, "x": 0.67046678066253662}, "37": {"y": 0.21558624505996704, "z": 0.060000002384185791, "x": 0.67046678066253662}, "38": {"y": 0.203086256980896, "z": 0.0099999997764825821, "x": 0.67046678066253662}, "39": {"y": 0.203086256980896, "z": 0.060000002384185791, "x": 0.67046678066253662}, "40": {"y": 0.203086256980896, "z": 0.0099999997764825821, "x": 0.67046678066253662}, "41": {"y": 0.203086256980896, "z": 0.0099999997764825821, "x": 0.94546681642532349}, "42": {"y": 0.21558624505996704, "z": 0.0099999997764825821, "x": 0.94546681642532349}, "43": {"y": 0.21558624505996704, "z": 0.0099999997764825821, "x": 0.67046678066253662}, "44": {"y": 0.203086256980896, "z": 0.060000002384185791, "x": 0.67046678066253662}, "45": {"y": 0.203086256980896, "z": 0.060000002384185791, "x": 0.94546681642532349}, "46": {"y": 0.21558624505996704, "z": 0.060000002384185791, "x": 0.94546681642532349}, "47": {"y": 0.21558624505996704, "z": 0.060000002384185791, "x": 0.67046678066253662}, "48": {"y": -0.17816373705863953, "z": 0.0099999997764825821, "x": 0.94546681642532349}, "49": {"y": -0.17816373705863953, "z": 0.060000002384185791, "x": 0.94546681642532349}, "50": {"y": -0.17816373705863953, "z": 0.0099999997764825821, "x": 0.95796680450439453}, "51": {"y": -0.17816373705863953, "z": 0.060000002384185791, "x": 0.95796680450439453}, "52": {"y": -0.17816373705863953, "z": 0.0099999997764825821, "x": 0.95796680450439453}, "53": {"y": -0.17816373705863953, "z": 0.060000002384185791, "x": 0.95796680450439453}, "54": {"y": 0.203086256980896, "z": 0.0099999997764825821, "x": 0.95796680450439453}, "55": {"y": 0.203086256980896, "z": 0.060000002384185791, "x": 0.95796680450439453}, "56": {"y": 0.203086256980896, "z": 0.0099999997764825821, "x": 0.95796680450439453}, "57": {"y": 0.203086256980896, "z": 0.060000002384185791, "x": 0.95796680450439453}, "58": {"y": 0.203086256980896, "z": 0.0099999997764825821, "x": 0.94546681642532349}, "59": {"y": 0.203086256980896, "z": 0.060000002384185791, "x": 0.94546681642532349}, "60": {"y": 0.203086256980896, "z": 0.0099999997764825821, "x": 0.94546681642532349}, "61": {"y": 0.203086256980896, "z": 0.060000002384185791, "x": 0.94546681642532349}, "62": {"y": -0.17816373705863953, "z": 0.0099999997764825821, "x": 0.94546681642532349}, "63": {"y": -0.17816373705863953, "z": 0.060000002384185791, "x": 0.94546681642532349}, "64": {"y": -0.17816373705863953, "z": 0.0099999997764825821, "x": 0.94546681642532349}, "65": {"y": -0.17816373705863953, "z": 0.0099999997764825821, "x": 0.95796680450439453}, "66": {"y": 0.203086256980896, "z": 0.0099999997764825821, "x": 0.95796680450439453}, "67": {"y": 0.203086256980896, "z": 0.0099999997764825821, "x": 0.94546681642532349}, "68": {"y": -0.17816373705863953, "z": 0.060000002384185791, "x": 0.94546681642532349}, "69": {"y": -0.17816373705863953, "z": 0.060000002384185791, "x": 0.95796680450439453}, "70": {"y": 0.203086256980896, "z": 0.060000002384185791, "x": 0.95796680450439453}, "71": {"y": 0.203086256980896, "z": 0.060000002384185791, "x": 0.94546681642532349}, "72": {"y": -0.19066375494003296, "z": 0.0099999997764825821, "x": 0.67046678066253662}, "73": {"y": -0.19066375494003296, "z": 0.060000002384185791, "x": 0.67046678066253662}, "74": {"y": -0.19066375494003296, "z": 0.0099999997764825821, "x": 0.94546681642532349}, "75": {"y": -0.19066375494003296, "z": 0.060000002384185791, "x": 0.94546681642532349}, "76": {"y": -0.19066375494003296, "z": 0.0099999997764825821, "x": 0.94546681642532349}, "77": {"y": -0.19066375494003296, "z": 0.060000002384185791, "x": 0.94546681642532349}, "78": {"y": -0.17816373705863953, "z": 0.0099999997764825821, "x": 0.94546681642532349}, "79": {"y": -0.17816373705863953, "z": 0.060000002384185791, "x": 0.94546681642532349},